{"lambda_l1": 0.5292893388443499, "lambda_l2": 3.7274032427501558, "num_leaves": 75, "feature_fraction": 0.3214559136088301, "bagging_fraction": 0.7437040312518903, "bagging_freq": 3, "min_child_samples": 48, "min_data_in_leaf": 85, "max_depth": 2}