{"max_depth": 1, "learning_rate": 0.12009735935371812, "n_estimators": 679, "min_child_weight": 7, "gamma": 0.9154537962524172, "subsample": 0.5558434993569138, "colsample_bytree": 0.8465113949609991, "reg_alpha": 0.6643104304271706, "reg_lambda": 0.9690649769806042}